A_id,B_id,score
0,1274,1
1,1274,1
2,1274,1
3,2235,3
5,1274,1
9,1237,1
10,3077,4
11,2982,5
12,1274,1
13,1069,4
14,4465,4
15,4811,4
17,1144,4
18,2463,5
19,359,3
22,3264,5
23,1274,1
24,1118,5
25,3093,4
28,4770,4
29,3744,5
30,399,5
31,3812,5
32,1274,1
33,453,5
35,921,5
36,1274,1
37,2064,4
38,2537,1
39,2135,4
40,1682,5
43,4969,4
44,2365,5
48,1446,5
49,2451,5
50,4111,5
52,2759,5
55,2854,5
57,1168,5
59,964,5
63,1424,1
64,274,5
65,1437,5
67,2460,5
70,4942,5
71,4341,5
77,3237,5
78,4457,5
79,638,4
80,990,4
83,3407,5
85,4561,5
86,2734,1
88,3652,5
89,4893,0
90,2194,4
92,1340,5
93,2589,4
96,4944,5
97,4688,5
98,2537,1
100,1814,4
101,2146,4
102,3909,4
103,992,5
105,2675,4
108,628,5
109,2400,4
114,4788,1
115,2537,1
117,4025,5
121,1472,5
123,399,3
125,4138,5
126,4215,5
127,2837,5
128,2308,5
129,2813,5
130,1265,5
131,287,5
132,4625,3
133,997,5
134,907,3
135,2744,5
136,130,5
137,1466,5
138,2064,3
140,3241,4
141,4610,5
146,1403,5
148,3008,1
151,3218,5
155,305,4
156,2762,5
159,731,4
163,2572,4
165,1847,5
167,1271,5
169,4178,5
170,2641,3
171,4651,5
173,462,2
176,1498,1
177,3254,3
185,4021,4
186,3202,5
188,1274,1
189,4224,5
194,2393,5
197,4044,2
198,4457,2
199,721,5
200,2214,5
201,6,5
202,1476,5
205,3252,4
206,4365,5
207,2273,5
208,4089,4
212,1016,4
213,4184,5
215,2028,4
216,191,1
218,2527,5
221,2369,5
222,3755,5
223,947,5
228,4699,4
229,4154,5
231,1952,5
232,4788,1
233,367,5
241,2269,5
242,1843,5
245,4788,0
250,3527,4
252,3293,5
253,3726,5
254,4707,2
255,2323,5
256,914,5
258,869,4
259,1328,4
261,331,5
262,4788,0
265,2284,5
267,811,3
269,2190,5
270,3263,5
271,2235,3
273,166,2
276,3710,5
277,3284,5
278,1112,5
280,593,0
281,4421,5
282,4293,4
284,3074,5
285,1274,1
286,4188,5
290,1377,4
291,2537,1
292,1233,4
293,4398,5
294,4001,4
295,4146,5
296,1353,5
298,519,4
299,2917,5
300,207,5
301,4416,4
303,900,5
308,4788,1
309,3751,5
310,2609,2
311,3275,5
312,1426,5
313,2813,3
314,2723,3
316,2764,5
318,1837,5
319,555,5
320,4788,1
321,2839,5
324,4788,0
325,4349,4
328,4788,1
329,1334,5
331,4864,5
333,1623,5
334,1237,1
335,57,5
336,953,5
338,462,5
339,4788,1
340,3617,3
341,2268,5
344,2537,1
346,2979,4
348,4788,1
350,4722,1
353,2301,5
356,1805,5
359,1833,5
360,3451,1
361,1423,5
364,2680,5
365,3716,5
369,4788,0
371,2248,4
373,4659,5
377,3730,5
384,3940,5
386,3814,5
387,4143,5
388,4788,0
389,1274,0
393,578,5
394,2577,5
395,996,5
396,2352,4
397,2537,1
398,2300,4
399,4668,5
400,2305,5
401,2776,5
404,323,5
407,3394,4
409,394,5
410,3449,4
411,284,1
412,1274,0
415,2846,5
418,1421,5
419,1698,4
420,3145,1
421,529,5
422,3373,5
427,4207,5
428,3164,1
429,1898,5
430,3326,5
433,1370,4
435,414,5
438,1274,1
442,3569,3
443,4117,5
444,103,5
445,2264,4
447,3400,3
451,50,4
453,3578,3
454,4011,4
456,2537,0
459,3248,5
462,3778,5
465,448,4
467,2865,4
469,3599,5
472,2537,1
479,3896,4
480,443,4
484,4661,5
485,4631,5
489,488,5
490,1848,4
497,1532,4
500,1613,1
502,514,5
503,438,5
504,1873,5
507,680,4
508,1350,5
509,1416,4
510,899,5
512,1474,5
513,4788,0
514,4788,0
516,1811,5
518,4701,5
519,1325,5
521,2782,5
525,3069,0
526,1369,5
528,3321,5
529,2087,5
530,42,5
535,4788,0
543,2315,4
544,1460,4
546,4241,5
547,2883,4
549,1499,5
551,1936,5
552,1868,5
553,2463,2
555,1735,5
556,4218,4
557,976,4
561,2226,5
562,1274,1
564,1835,5
565,1015,5
566,451,5
567,1557,5
569,812,5
570,1622,5
571,1781,1
572,4788,0
574,1237,1
576,1237,1
577,528,5
580,4632,5
581,3226,5
582,2826,5
584,4640,5
585,3772,5
591,1925,5
592,1360,5
594,2537,0
597,621,5
598,1594,5
599,2326,5
600,4823,0
603,3315,5
604,2767,5
606,608,5
607,2923,5
610,3898,0
612,4258,5
613,2203,2
615,2537,1
617,2836,5
618,1441,5
619,4646,5
620,4259,0
621,2337,3
623,1914,4
627,1108,3
631,3355,5
632,2154,3
634,2733,5
635,1274,1
636,4788,2
639,2609,3
641,3742,5
642,3224,4
643,2585,5
644,1746,4
645,37,5
648,646,5
650,4075,5
651,4545,4
652,4557,5
654,4039,2
657,2653,4
660,1032,4
664,2560,0
666,4716,4
667,877,5
668,1053,5
671,1836,5
672,4642,5
674,486,5
675,1543,5
678,4943,1
679,3204,5
682,606,5
685,3579,4
687,885,5
689,2107,5
690,3666,5
695,2127,4
696,3370,5
697,2314,5
698,1382,5
699,3696,5
701,1261,5
702,3159,5
706,477,5
711,3249,3
714,2939,5
717,3763,3
719,3714,5
720,3706,4
723,3287,5
724,504,5
726,3308,0
727,2327,4
728,4788,1
731,1274,0
733,4910,4
735,4488,4
736,3584,5
737,4992,4
738,1357,3
739,3291,5
741,703,5
743,4073,4
746,520,4
749,4650,5
750,673,3
752,951,3
753,457,5
754,4797,4
755,4625,5
756,1373,5
757,2580,5
758,1380,5
759,4655,5
764,1404,0
767,2537,1
769,1514,4
770,442,5
772,3723,4
773,3708,5
774,4788,0
775,3781,5
777,3690,4
778,3707,5
779,4218,2
780,1008,4
781,747,5
783,4255,4
784,787,3
787,1358,5
791,994,5
793,3754,5
794,4749,5
795,3735,4
796,4960,1
799,2574,4
800,2974,2
802,729,5
805,4165,5
806,452,5
809,1162,5
810,334,5
811,1602,5
812,2608,5
815,4751,5
818,892,4
819,4773,5
820,4829,5
826,1989,4
827,2537,1
828,2703,5
829,1237,1
832,2730,5
833,2290,3
834,2663,5
835,4451,4
838,420,1
839,4376,5
840,391,5
841,3422,5
843,2537,0
847,3965,3
849,4548,3
852,3916,4
853,2775,5
858,3715,4
859,307,1
860,2691,5
861,4147,4
872,2537,1
874,3702,5
876,3718,5
877,1904,1
878,967,5
879,1009,5
881,2758,5
887,2751,4
890,2537,1
892,1274,0
894,1274,1
896,588,4
897,2092,5
899,89,4
902,2652,1
903,4439,5
911,1194,5
913,4791,4
914,2646,4
915,2814,4
917,2017,5
920,3693,5
923,1432,5
926,14,5
928,4665,5
929,2812,5
930,106,4
932,4878,3
933,4226,5
935,4666,5
936,2713,1
938,2799,5
939,754,4
940,2792,4
943,1288,5
947,1563,5
950,4197,4
954,4213,5
956,2084,5
958,129,4
959,5,5
962,4645,5
963,2310,5
964,3211,5
966,76,5
967,4070,5
968,1575,5
972,1530,4
973,1003,5
974,2557,5
977,1869,3
980,2596,4
982,1274,1
983,3563,4
985,581,5
986,3892,4
990,4689,5
992,2796,5
995,2849,4
998,2537,0
999,1300,3
1000,1800,4
1003,2795,5
1005,4788,1
1006,631,5
1008,3349,5
1009,3348,4
1010,2815,4
1013,2588,5
1019,1252,5
1021,2246,5
1022,4680,5
1023,3285,5
1025,3203,5
1026,1376,5
1027,1714,4
1031,459,5
1032,4276,4
1035,1274,1
1039,4047,2
1040,4788,0
1042,1965,5
1044,26,0
1045,1645,5
1047,3602,4
1048,985,4
1049,7,5
1050,159,1
1051,2563,4
1052,2319,5
1053,217,5
1055,2772,4
1057,4636,5
1058,1274,1
1059,1861,4
1061,1891,5
1064,2351,5
1067,3245,5
1068,3340,4
1069,2662,5
1070,905,5
1073,3145,1
1075,1262,4
1078,4997,5
1079,2777,5
1081,94,5
1083,973,5
1085,913,5
1086,472,5
1090,2307,5
1091,3711,4
1093,4326,5
1094,1731,4
1096,2426,5
1097,4280,4
1098,2884,5
1099,3945,4
1100,2537,0
1103,1972,4
1104,3006,5
1105,470,4
1107,4625,1
1110,3830,5
1114,469,4
1115,1856,4
1116,471,4
1117,2245,5
1118,1386,5
1122,955,5
1123,582,4
1125,4959,5
1127,4385,5
1129,56,5
1131,3223,5
1132,1718,5
1135,4519,1
1138,3811,4
1139,3431,5
1142,2379,5
1145,3120,5
1146,4943,1
1147,1442,5
1148,2098,1
1149,2403,5
1150,2223,1
1151,64,5
1152,2118,5
1159,592,5
1160,163,1
1167,293,5
1168,2537,0
1169,390,5
1171,3417,5
1173,2980,5
1174,461,5
1175,28,5
1177,1956,5
1178,2358,5
1182,262,5
1183,3852,5
1185,4180,4
1186,2635,4
1189,1726,5
1190,2266,3
1192,2882,4
1193,4824,4
1195,3810,5
1197,3765,5
1198,253,5
1200,4700,4
1201,2364,5
1203,3446,4
1204,4620,4
1205,2217,5
1207,2363,5
1208,1020,5
1209,2666,4
1213,4870,4
1214,2942,3
1217,1704,2
1219,4238,3
1221,1207,4
1225,3639,4
1227,872,5
1229,669,4
1230,4625,1
1233,577,5
1236,1635,5
1239,672,1
1240,1744,4
1241,4078,0
1245,4235,4
1247,1274,0
1249,3951,5
1253,634,5
1254,1066,3
1256,3573,1
1257,30,5
1258,1372,5
1259,1362,3
1262,898,4
1263,4676,4
1266,4614,1
1267,4656,5
1269,1387,5
1271,1538,4
1272,4889,5
1276,4788,0
1278,306,4
1280,1274,1
1281,501,4
1287,1105,5
1288,152,2
1289,4886,5
1290,1751,1
1291,117,5
1292,535,5
1293,3040,4
1294,1012,5
1295,827,4
1297,3787,5
1302,1552,1
1303,3424,5
1304,4175,4
1305,4788,1
1306,1654,5
1307,4652,5
1308,1127,5
1310,1695,5
1311,2342,5
1312,1274,0
1315,444,1
1318,2900,5
1321,2493,5
1322,1169,5
1324,272,5
1326,2948,5
1327,1477,5
1329,1674,5
1331,869,1
1333,1237,1
1335,4269,3
1336,4886,3
1337,4647,4
1338,4893,0
1340,4265,3
1341,3378,5
1343,3259,5
1347,2003,4
1351,2475,4
1352,1338,5
1353,2835,4
1354,668,5
1356,1087,4
1357,4190,5
1359,464,4
1360,1444,5
1367,3499,0
1369,2102,5
1370,4271,5
1371,3794,0
1372,3046,5
1373,2991,3
1374,4971,4
1375,2306,5
1378,186,4
1381,1414,4
1382,1871,5
1386,90,4
1391,3499,0
1393,4641,5
1395,150,5
1401,2455,5
1402,4762,4
1407,4450,4
1414,4788,0
1419,3612,5
1421,348,4
1425,4823,1
1427,4980,5
1429,4322,4
1431,2791,4
1433,1114,5
1439,410,4
1440,4442,1
1441,2739,5
1443,1166,5
1447,4252,0
1448,1440,5
1449,2417,5
1451,1306,4
1452,4788,0
1454,4209,4
1457,1866,5
1458,4851,3
1459,2858,4
1462,3499,0
1465,422,5
1467,2297,0
1471,235,5
1473,3478,5
1474,1637,5
1476,1751,1
1478,4574,1
1480,1519,5
1481,3780,5
1485,1094,5
1486,4754,4
1487,93,4
1488,3990,4
1489,263,3
1491,4662,5
1492,2638,0
1493,2564,1
1494,2225,5
1496,1502,4
1497,2658,4
1504,3139,5
1507,3050,5
1508,1972,2
1511,141,5
1512,759,4
1513,3601,5
1516,88,5
1517,4348,5
1518,733,4
1525,4113,5
1530,2287,5
1531,864,5
1532,4572,4
1534,2000,5
1536,478,5
1537,4869,4
1541,4756,4
1545,3593,5
1549,875,5
1552,2568,1
1553,4801,5
1556,4709,5
1557,4123,4
1559,2614,5
1562,1274,1
1563,4059,5
1566,3697,4
1567,993,5
1572,2537,1
1577,4218,1
1580,3449,1
1582,1251,5
1584,3570,4
1586,4847,4
1591,1229,4
1592,2888,5
1593,3100,5
1601,4788,0
1602,3729,5
1607,152,4
1608,2344,4
1609,4223,5
1612,537,5
1616,3462,5
1617,2543,5
1618,610,5
1623,2009,4
1625,998,5
1628,1916,4
1631,2117,5
1632,799,4
1633,1158,5
1635,4788,0
1636,681,3
1645,3425,5
1649,73,3
1650,1501,5
1651,2266,5
1654,1074,5
1655,571,5
1657,920,3
1658,214,5
1659,4264,5
1660,4337,5
1661,1758,5
1663,4512,4
1664,228,4
1669,1274,1
1672,2537,0
1674,425,4
1675,3842,0
1678,643,3
1680,3155,4
1681,111,0
1682,2537,1
1683,4645,1
1685,4873,4
1687,108,5
1688,2101,4
1689,3961,5
1690,2919,5
1693,164,4
1694,2184,5
1696,1888,4
1698,3572,0
1702,1040,5
1703,163,5
1704,4261,3
1712,1159,4
1719,4800,4
1720,362,3
1721,140,5
1722,1063,4
1723,4424,0
1725,2307,1
1727,515,5
1731,719,4
1732,1439,5
1734,513,4
1735,2554,5
1736,545,4
1737,4545,3
1738,3306,5
1740,1022,4
1753,2452,4
1755,4109,1
1756,4714,5
1757,2324,5
1759,2781,4
1761,2537,0
1762,1815,4
1765,2020,5
1766,3680,5
1774,2896,5
1777,4955,5
1778,4943,1
1781,2218,0
1782,1670,4
1784,159,4
1787,4136,4
1789,4975,4
1794,2832,5
1795,2575,5
1797,4304,4
1798,1211,5
1799,861,5
1800,3686,5
1801,1295,5
1802,4688,1
1805,2537,1
1806,1274,1
1808,2537,0
1809,4084,1
1810,2153,4
1813,3905,5
1815,157,1
1816,2291,4
1817,1560,4
1820,2053,0
1821,950,4
1825,4599,4
1826,3580,5
1827,3079,5
1829,4760,5
1830,4510,4
1836,4171,5
1837,59,3
1838,1048,4
1841,3448,4
1843,4442,1
1844,4915,5
1846,444,4
1848,149,5
1849,3124,5
1851,3207,5
1852,3078,5
1853,3356,5
1858,1862,5
1859,3632,4
1864,3497,4
1867,615,4
1868,2537,0
1870,558,4
1872,4007,5
1873,2469,4
1874,232,4
1877,1748,4
1878,2481,4
1879,1662,5
1880,3375,5
1883,2643,5
1886,4651,1
1888,2299,5
1890,3701,4
1891,1763,4
1892,2540,5
1893,4192,5
1895,4605,2
1896,2283,5
1897,482,5
1898,4748,5
1904,296,5
1905,3763,5
1907,207,1
1908,3987,5
1911,1016,2
1913,3573,1
1914,2024,4
1915,2108,5
1920,1274,1
1921,4852,4
1922,2257,4
1923,871,4
1924,4404,1
1927,1799,4
1938,1227,4
1940,3971,5
1944,2537,0
1946,957,5
1947,222,5
1949,4601,5
1952,1700,4
1954,4433,4
1956,1994,4
1958,2378,4
1959,3033,5
1963,402,4
1965,1499,1
1966,1834,5
1968,934,3
1971,3310,4
1973,3658,0
1974,3885,4
1976,1274,1
1979,299,5
1980,4938,5
1982,1591,5
1984,4672,3
1985,260,5
1986,4909,5
1988,4005,4
1989,3898,0
1992,307,2
1995,1918,5
1996,2288,1
1997,4825,0
1999,1366,5
2001,3260,5
2005,1061,5
2006,4788,0
2007,3508,4
2009,821,4
2010,2537,0
2013,4045,5
2015,4428,5
2016,2580,1
2021,2537,1
2022,1092,5
2024,3720,1
2025,2413,4
2026,2296,5
2027,62,5
2028,4511,5
2031,2595,5
2034,3785,5
2035,1570,4
2036,1907,3
2037,1644,5
2039,2537,0
2042,1960,5
2045,2091,4
2048,4579,3
2049,492,4
2052,4358,3
2056,797,4
2057,4102,5
2058,2713,0
2059,938,5
2060,333,5
2061,353,0
2064,1274,1
2065,539,3
2068,1766,5
2071,1717,5
2072,2098,1
2073,3797,5
2077,2015,4
2078,1660,5
2079,218,5
2081,516,3
2082,3891,3
2084,3741,4
2085,4761,3
2087,4809,5
2088,2698,1
2091,3742,1
2092,3926,0
2093,3882,5
2099,3769,5
2101,3884,0
2106,3042,3
2107,788,4
2110,3576,5
2114,666,5
2118,4990,0
2119,1057,3
2120,2479,3
2122,3972,3
2126,1727,5
2128,2180,4
2129,2067,3
2131,1359,5
2135,4788,1
2136,3808,5
2137,4948,5
2138,756,5
2140,876,5
2141,458,5
2145,3191,4
2147,3963,0
2149,1884,5
2150,3682,4
2151,3777,4
2156,3396,4
2158,1089,3
2159,4660,5
2160,1237,1
2163,4846,5
2166,3932,5
2169,170,3
2170,3966,5
2172,2537,0
2174,2571,5
2175,768,5
2178,3469,4
2180,786,4
2181,4788,1
2184,4034,4
2185,484,5
2186,1254,5
2188,1021,4
2192,2871,5
2193,1853,5
2196,1877,5
2197,4360,5
2199,1804,5
2201,2487,0
2203,4788,0
2204,2537,1
2209,4051,5
2210,3850,5
2211,4904,4
2212,2807,4
2213,4638,4
2215,4218,1
2218,4466,5
2227,4587,4
2228,2827,4
2230,1070,0
2231,1187,5
2232,20,5
2233,2732,5
2234,2735,4
2235,4200,4
2236,4980,3
2237,3539,5
2238,4840,4
2242,969,4
2243,1795,5
2244,79,3
2246,3785,3
2247,355,5
2251,171,4
2252,4252,0
2253,2673,5
2254,1636,4
2256,4914,4
2257,121,5
2258,1507,4
2259,4006,4
2263,705,4
2264,3411,4
2267,3775,5
2273,2537,1
2274,598,5
2277,3409,3
2282,2537,1
2286,1274,1
2287,3384,5
2288,3783,4
2290,2502,5
2291,2077,5
2292,354,4
2293,3911,0
2294,601,5
2295,2956,4
2298,3881,5
2304,2106,5
2305,1970,4
2306,2103,3
2312,3893,4
2313,4108,5
2314,2132,4
2315,3247,4
2317,4969,1
2320,1286,5
2323,3585,0
2324,2961,5
2326,4159,3
2330,4537,5
2331,3383,5
2333,1190,4
2337,858,4
2340,2384,4
2341,2561,4
2342,2924,4
2343,4252,0
2345,3607,4
2351,753,5
2353,67,5
2354,3032,4
2359,715,0
2361,4350,4
2362,2489,5
2363,4532,5
2365,1552,5
2366,3294,5
2371,4477,4
2372,4788,0
2373,1447,4
2378,1274,1
2380,4887,0
2381,1312,4
2382,4078,0
2383,3949,5
2384,815,5
2385,2651,2
2386,307,0
2387,1685,3
2388,3499,3
2392,4554,5
2395,3397,4
2396,2607,4
2397,929,5
2400,1903,5
2403,3851,4
2404,3872,4
2409,2800,3
2416,421,4
2421,755,4
2422,3068,5
2426,2887,5
2429,1333,4
2431,4624,0
2435,3705,5
2438,4387,5
2439,4745,4
2440,256,5
2441,2537,0
2442,3275,1
2445,2468,5
2448,3274,4
2450,2537,0
2453,4794,4
2454,2023,4
2455,1266,5
2457,3109,4
2458,2599,0
2459,2094,5
2462,4628,5
2466,4785,5
2469,4861,4
2473,4024,5
2474,1450,5
2475,3395,5
2476,599,4
2477,1341,5
2478,1931,5
2480,3290,5
2482,1371,5
2485,2003,3
2486,3315,1
2489,3499,0
2490,2309,5
2492,3588,5
2493,2401,0
2497,313,4
2499,3585,0
2500,3889,5
2505,3045,5
2506,4826,5
2507,1420,4
2508,1335,5
2509,2962,5
2510,2200,3
2512,4485,5
2515,4061,4
2517,3585,0
2518,4881,4
2519,2070,4
2520,3471,5
2521,4320,3
2522,2937,4
2523,3371,5
2527,4832,4
2528,2537,1
2532,4906,4
2533,499,4
2536,2449,0
2539,783,0
2545,4875,4
2546,1826,4
2547,2218,0
2549,3208,5
2550,2008,5
2551,4808,5
2553,3782,5
2554,962,5
2557,4890,5
2558,2005,4
2559,3590,5
2560,2530,5
2562,2648,0
2564,4292,5
2566,2537,1
2567,2099,5
2569,2537,0
2571,4866,5
2572,4161,4
2573,2913,4
2574,2537,0
2575,4990,0
2577,4340,5
2579,4788,0
2580,4625,1
2581,3684,3
2583,3869,5
2585,1685,5
2587,372,5
2588,1283,1
2590,3121,3
2592,1763,2
2593,1786,4
2594,3972,3
2597,562,4
2601,2382,5
2602,4211,4
2603,3854,4
2606,131,5
2609,686,4
2610,4943,1
2616,589,5
2618,623,5
2619,1988,5
2620,912,5
2621,1054,0
2622,1613,1
2623,2695,4
2629,2537,0
2630,4565,5
2637,436,5
2644,3720,1
2645,4137,5
2648,1667,5
2652,2431,5
2653,466,5
2656,3874,5
2659,4595,4
2660,420,1
2661,3394,1
2664,2537,1
2667,143,5
2669,781,5
2672,1257,3
2673,1282,4
2674,2116,4
2675,4880,0
2676,3669,4
2677,4999,5
2678,4929,4
2679,1900,5
2681,4693,5
2688,2409,5
2689,4091,4
2691,2311,4
2695,2096,5
2696,1620,4
2697,1934,4
2701,4222,0
2703,1829,3
2704,3503,5
2705,1470,5
2707,3720,4
2708,4414,4
2709,2841,5
2710,963,5
2711,1080,5
2713,2060,4
2714,4901,5
2715,829,3
2716,3319,5
2720,4786,2
2723,3768,0
2726,3007,4
2728,1548,4
2729,4217,4
2733,13,4
2737,1311,4
2740,3504,5
2745,738,4
2746,3776,4
2750,2817,5
2751,3840,1
2755,4078,0
2756,2012,5
2757,2768,4
2758,2848,4
2761,678,1
2763,3214,5
2765,1213,5
2768,3075,5
2769,1938,3
2775,2531,5
2783,1424,1
2784,4243,5
2786,4420,2
2789,3794,0
2792,1274,0
2794,498,4
2796,480,5
2797,2406,5
2801,1274,0
2803,3984,4
2808,3888,4
2811,4943,1
2812,1176,2
2813,3996,4
2815,4577,4
2820,1870,5
2822,153,1
2824,244,4
2826,3555,4
2829,411,5
2830,1484,5
2832,2616,5
2834,4346,5
2837,3785,3
2838,4095,5
2839,3456,4
2845,830,5
2846,1772,5
2847,1121,3
2850,796,5
2852,4277,3
2854,4585,4
2857,3255,5
2869,3743,3
2871,605,4
2874,1418,5
2875,2779,5
2876,1242,5
2877,4347,5
2878,2839,1
2879,4019,5
2880,403,3
2881,4153,5
2882,3330,5
2887,4407,3
2889,3567,5
2890,4531,3
2893,2247,2
2898,3694,4
2903,3442,0
2905,3162,4
2906,1424,0
2907,3328,3
2910,769,4
2912,4788,0
2914,3958,5
2917,1628,5
2918,2641,1
2920,3790,4
2922,1987,5
2923,3944,4
2925,3246,5
2927,3981,4
2929,1839,4
2933,502,5
2937,2057,5
2939,2999,5
2944,2537,0
2945,1996,5
2947,1200,4
2952,556,5
2954,3722,4
2957,4908,5
2959,4419,4
2962,2537,0
2963,97,5
2966,1807,4
2970,614,1
2972,4141,4
2974,4332,4
2976,551,0
2977,2912,4
2978,4434,0
2980,4442,0
2981,2537,0
2982,4692,0
2983,4403,4
2986,1609,5
2987,2537,1
2988,1453,5
2994,2211,4
3004,1398,5
3006,4454,4
3009,1327,5
3011,1403,1
3012,2237,5
3014,3837,4
3015,1875,4
3018,1205,5
3019,3390,5
3020,2537,0
3023,329,5
3025,3585,0
3027,2439,5
3036,2479,5
3038,2649,1
3039,3794,0
3041,462,1
3042,4263,5
3043,3364,5
3046,897,4
3049,3113,0
3051,3532,4
3052,3250,5
3053,3048,4
3060,3541,5
3063,3878,5
3064,904,5
3067,614,1
3070,4425,5
3071,3523,3
3075,4786,5
3076,2537,0
3080,4952,5
3084,2537,0
3090,4542,5
3091,208,4
3093,3393,5
3095,4788,1
3097,4274,5
3100,760,3
3101,2537,0
3105,52,4
3106,941,5
3109,2078,5
3111,3019,4
3112,4867,4
3114,984,5
3117,2748,5
3118,1852,5
3122,1070,1
3123,2724,5
3125,3215,5
3129,1354,4
3132,2537,1
3135,4279,3
3143,3427,4
3150,1436,4
3151,3060,3
3153,1274,0
3155,3222,3
3163,2165,5
3164,737,4
3168,373,5
3174,3611,5
3177,2289,5
3181,4670,1
3182,2160,5
3183,1274,1
3184,2954,5
3187,3189,0
3188,4648,4
3189,3975,0
3190,120,3
3191,79,5
3193,1886,2
3195,2218,0
3203,1365,4
3204,2648,0
3205,3724,5
3206,3946,4
3210,3676,4
3213,3432,0
3217,3477,3
3218,1610,5
3219,2537,0
3221,1454,5
3226,1067,4
3227,2050,5
3229,2411,5
3230,711,5
3231,377,4
3233,2495,5
3236,2677,5
3240,1872,4
3242,624,4
3243,3577,3
3252,3041,5
3254,4377,4
3255,4657,5
3259,2186,0
3262,3457,3
3263,4788,0
3264,3884,0
3268,4776,4
3269,3382,4
3274,2754,4
3280,4359,5
3282,2745,5
3283,4934,4
3287,2092,1
3288,4160,4
3289,1806,4
3292,4943,1
3301,2537,0
3302,1268,5
3303,4990,0
3304,3880,5
3306,2119,5
3307,130,1
3308,3964,3
3311,4,1
3317,2897,4
3320,4788,0
3321,4368,0
3323,1318,4
3324,68,4
3332,3691,3
3335,1274,1
3339,593,0
3341,4674,4
3347,3575,4
3350,245,5
3351,1413,4
3358,4634,5
3361,3501,4
3362,4230,4
3365,1580,0
3368,3857,4
3373,485,5
3375,4336,5
3379,1075,5
3381,1798,4
3383,4788,0
3384,1339,3
3387,1050,4
3390,1882,3
3392,4429,5
3393,1816,4
3394,472,1
3396,3266,5
3397,4609,3
3402,4905,4
3404,3099,5
3408,4788,0
3410,2537,1
3412,4966,1
3414,2537,1
3416,3845,5
3418,2537,1
3419,2275,2
3421,4723,3
3423,4763,5
3424,9,4
3427,2089,5
3430,1274,1
3433,4958,4
3435,1412,3
3439,4782,5
3440,4788,0
3445,2372,4
3453,3083,5
3454,2273,1
3456,2683,1
3457,1831,5
3458,2537,1
3459,238,4
3461,3976,5
3462,3392,5
3464,2910,5
3466,2537,1
3468,1084,5
3469,2810,5
3473,683,5
3475,4702,5
3476,2343,5
3483,2907,5
3484,891,5
3488,3567,2
3492,971,5
3495,4179,5
3496,16,5
3498,491,3
3499,1054,0
3500,4692,0
3503,4855,3
3504,4033,4
3506,4327,5
3507,989,5
3508,389,5
3510,2436,4
3515,2842,4
3516,3614,4
3521,3167,3
3522,3180,1
3525,4795,5
3526,1617,4
3527,4774,5
3528,2250,3
3534,4148,4
3535,4788,0
3538,3213,3
3539,1527,4
3542,4788,0
3544,2195,1
3545,928,5
3547,343,4
3548,1619,5
3549,2808,5
3553,349,0
3554,2661,5
3555,3038,5
3559,4750,0
3569,1383,5
3573,2537,0
3574,387,4
3577,3946,1
3582,2001,4
3583,4494,0
3585,3332,5
3586,4363,5
3588,4755,4
3594,3635,5
3595,2218,0
3596,297,5
3597,1163,5
3598,2697,0
3607,4133,5
3608,1415,5
3613,2813,1
3614,1725,4
3615,437,5
3616,4368,0
3617,4107,4
3618,1178,4
3619,3699,5
3622,3732,5
3624,3149,4
3626,1393,4
3628,3434,2
3630,1355,5
3636,2753,5
3637,1274,1
3640,4780,4
3642,1154,5
3644,2983,5
3645,2537,0
3650,725,2
3651,4308,5
3654,2402,4
3655,966,5
3660,2537,1
3663,429,1
3668,2191,5
3673,2537,0
3674,2252,4
3677,3568,4
3678,685,5
3680,2769,4
3683,2651,5
3686,500,4
3687,3585,0
3692,4198,5
3693,4828,4
3695,800,5
3697,3997,3
3698,4703,3
3699,662,5
3700,4417,4
3701,916,0
3705,776,4
3706,165,5
3708,722,5
3711,1812,5
3712,1455,4
3718,1368,5
3721,3308,1
3723,392,5
3724,4559,5
3725,1363,5
3726,3952,4
3728,2332,3
3730,1468,5
3731,3572,0
3733,2902,5
3736,2124,0
3738,3029,3
3740,923,4
3742,227,1
3743,3499,0
3746,1825,5
3748,427,5
3750,1796,5
3753,3009,5
3758,4591,4
3764,3386,3
3767,1198,5
3768,3480,5
3770,4789,5
3777,2537,1
3778,1431,5
3781,2297,0
3788,2843,1
3789,4035,5
3790,1424,0
3794,2699,1
3796,3982,3
3797,2589,1
3798,843,3
3801,3232,5
3803,4845,3
3806,3665,4
3808,354,3
3809,1464,5
3812,1904,0
3813,3230,4
3816,2331,4
3817,915,5
3818,4246,4
3819,4325,4
3824,2930,4
3828,1427,5
3829,212,2
3831,3312,3
3832,1569,5
3836,578,1
3837,2516,5
3839,3978,5
3842,3835,5
3843,1188,4
3845,1399,3
3846,1830,5
3847,4893,0
3849,2641,1
3850,2368,5
3854,2537,1
3855,2537,0
3856,3533,5
3858,3278,5
3859,1125,4
3860,240,5
3861,2537,0
3862,1894,5
3864,3829,5
3865,4000,5
3866,3189,0
3870,2014,1
3873,2809,3
3875,4194,4
3876,4449,4
3878,2718,5
3879,4442,1
3881,2542,5
3885,2638,0
3886,4737,5
3889,1424,0
3895,3354,5
3896,2280,4
3898,1304,5
3900,916,1
3901,2387,5
3907,1077,5
3908,1793,5
3910,602,4
3912,3268,5
3918,4490,5
3920,2423,5
3921,3299,4
3922,522,4
3929,126,5
3932,4850,3
3935,3361,3
3938,4062,3
3939,670,4
3940,1348,5
3944,1274,0
3945,65,4
3947,1945,4
3948,27,4
3952,1238,4
3956,4405,4
3961,1120,4
3966,2537,1
3967,4368,0
3970,429,3
3971,850,0
3972,4788,0
3980,4788,0
3984,353,0
3988,3499,0
3995,3713,3
3997,3281,5
3999,3117,3
4001,1116,5
4002,4943,2
4003,2821,3
4007,1827,0
4008,3687,3
4012,3842,4
4013,644,1
4015,3745,4
4016,2537,1
4019,4541,4
4022,3140,4
4023,344,4
4031,611,4
4034,1274,0
4035,69,4
4036,4788,0
4037,2196,2
4038,607,1
4039,4167,5
4040,4427,5
4048,2199,4
4049,3794,0
4052,2698,1
4053,346,4
4054,4607,5
4058,3142,4
4061,4788,0
4064,1375,0
4065,916,0
4066,2537,1
4067,3993,0
4070,4606,3
4072,323,1
4074,4830,4
4076,3956,4
4077,2686,4
4080,72,4
4081,3871,3
4083,3380,5
4084,3022,0
4085,4166,4
4086,3959,4
4089,3188,5
4090,2537,0
4094,1424,0
4096,3627,2
4098,11,5
4104,909,5
4106,2397,4
4108,192,5
4110,2472,4
4115,2537,1
4120,1653,5
4121,1521,5
4123,4125,4
4126,2510,3
4127,1071,3
4130,3556,5
4133,3983,0
4136,4152,4
4137,3683,4
4140,4085,5
4143,4276,1
4144,2975,4
4146,2537,1
4152,1016,1
4155,4434,0
4157,3363,4
4159,2537,1
4160,4372,5
4161,4494,1
4162,2051,4
4163,3413,5
4164,257,4
4168,3016,5
4171,3360,4
4177,15,4
4178,4493,5
4179,3668,4
4180,212,5
4181,2537,0
4182,3662,5
4183,3231,5
4191,2230,4
4193,2537,1
4196,2537,0
4197,2537,0
4202,4284,5
4204,860,5
4205,2537,0
4208,4983,4
4213,3798,5
4214,4207,1
4217,3058,4
4218,1762,5
4222,2227,5
4224,1435,5
4227,3760,5
4230,696,5
4233,1552,3
4234,924,5
4238,4356,4
4239,1782,3
4240,3236,5
4244,1285,4
4245,3442,0
4247,3692,3
4251,3341,5
4252,304,4
4256,4526,4
4261,4412,3
4262,2537,0
4263,4976,4
4269,2186,0
4270,3895,4
4274,4163,4
4278,3195,5
4279,1000,4
4285,420,1
4287,1661,4
4289,406,5
4290,1330,5
4292,2537,0
4294,935,5
4296,4773,1
4297,4106,1
4298,3477,3
4301,1926,5
4305,3750,5
4312,789,3
4315,4788,0
4316,3035,5
4318,4629,5
4319,4364,4
4322,130,1
4326,4129,3
4328,3585,0
4329,4615,4
4334,2039,4
4338,1878,4
4340,4788,0
4342,4927,4
4343,3256,4
4344,4066,4
4345,3585,0
4349,4574,1
4351,641,5
4352,3240,5
4354,3537,5
4356,1171,4
4359,4788,0
4363,2965,3
4364,2798,5
4365,1035,4
4366,930,4
4367,3721,4
4372,3759,1
4373,4033,1
4375,3910,3
4377,1274,1
4380,1613,0
4382,3377,5
4383,3764,5
4384,4799,4
4385,3898,0
4386,4375,5
4388,2537,0
4389,3379,4
4390,1528,5
4392,4494,0
4393,761,0
4395,2770,5
4396,3473,5
4397,4296,5
4399,4486,1
4400,1405,4
4404,398,4
4407,3963,1
4408,873,4
4409,4788,1
4412,4960,1
4420,4664,5
4423,3816,5
4424,1505,4
4428,1274,1
4429,3687,5
4430,4788,0
4432,1274,1
4433,794,4
4434,193,4
4437,4294,3
4439,2731,4
4442,2600,5
4446,1424,0
4447,565,5
4448,4176,5
4454,798,3
4456,417,3
4457,4106,0
4460,1375,1
4461,4486,0
4464,1274,0
4465,404,5
4474,1395,4
4476,3251,5
4478,468,4
4481,1072,4
4482,3795,5
4484,828,5
4485,4002,5
4486,4489,2
4487,1274,0
4488,142,4
4490,2537,0
4492,1834,2
4496,2218,0
4500,706,2
4502,81,1
4503,726,4
4507,493,0
4511,1668,5
4517,2338,5
4519,4328,4
4520,4442,1
4523,2590,4
4525,1037,4
4528,4027,2
4531,1534,5
4532,449,5
4537,4978,0
4539,4205,0
4542,4203,4
4544,1196,5
4545,2537,1
4547,2537,0
4550,2537,0
4552,4990,0
4555,70,5
4558,614,1
4559,879,5
4560,1424,0
4561,2683,1
4562,2355,5
4563,33,5
4564,2537,0
4566,2295,5
4569,2348,5
4570,3502,4
4574,3189,1
4577,1424,0
4578,4,1
4580,1250,4
4582,2537,0
4585,3646,5
4594,3498,0
4598,4442,1
4599,1983,4
4605,1581,5
4609,338,4
4612,1329,5
4614,4953,4
4618,4227,4
4620,3365,4
4626,1913,5
4627,4251,4
4630,4788,0
4631,4690,3
4632,3730,1
4634,1522,5
4635,2282,0
4638,3898,0
4640,1584,4
4648,2537,0
4649,3884,0
4650,416,5
4655,2157,4
4663,3499,0
4664,1682,1
4665,2098,1
4666,47,4
4670,3585,1
4676,2278,5
4678,3353,1
4683,607,1
4684,1206,5
4686,2891,5
4688,874,5
4691,400,5
4695,3788,5
4697,1928,1
4698,1201,5
4699,2433,4
4700,1090,4
4702,3498,1
4706,1599,4
4707,2339,5
4708,2021,5
4712,4499,0
4713,4378,4
4714,46,3
4721,3800,5
4724,1024,0
4725,2651,2
4732,627,0
4737,1030,4
4738,798,2
4739,642,4
4742,3357,1
4743,4788,0
4745,3475,4
4747,3524,1
4750,1824,5
4752,180,4
4753,4494,0
4755,3794,0
4757,4788,0
4758,4156,5
4761,4300,5
4763,946,5
4766,3704,5
4769,4253,5
4770,2537,0
4771,2933,4
4773,1274,0
4774,4788,0
4777,2537,1
4779,1716,4
4780,4788,0
4784,1070,0
4788,543,3
4791,459,1
4792,593,0
4793,2370,5
4795,4675,5
4798,3,5
4799,4121,1
4800,1980,3
4802,3182,5
4805,715,0
4806,2537,0
4807,2816,4
4808,1702,5
4811,3663,5
4816,2276,4
4817,3258,5
4819,3784,4
4820,3877,3
4822,3802,4
4828,1402,5
4829,1133,5
4832,906,5
4834,17,5
4837,4788,1
4838,2537,0
4839,1658,4
4840,3553,4
4842,1034,5
4843,204,3
4846,4183,4
4847,1274,1
4849,1516,5
4851,4259,0
4855,3561,3
4856,1855,4
4859,3998,4
4860,706,0
4862,3638,5
4863,3522,3
4867,593,0
4870,4788,0
4873,1613,1
4874,4834,5
4877,4173,3
4878,2941,4
4880,4781,2
4881,3487,5
4882,130,1
4883,1234,2
4885,2058,5
4886,467,4
4888,2537,0
4891,1500,5
4893,2258,4
4894,4788,0
4895,361,2
4896,4788,0
4899,3280,5
4900,706,1
4902,2831,5
4904,2537,1
4905,129,1
4906,1274,1
4907,3189,0
4909,2589,1
4910,4487,5
4918,1968,4
4919,3187,5
4921,3286,3
4922,4788,0
4923,4991,1
4925,2518,4
4930,83,4
4934,1045,5
4937,1172,5
4941,2629,0
4942,3728,5
4943,3696,1
4946,2868,3
4947,1724,0
4952,2496,3
4953,1655,0
4954,1754,4
4955,3703,4
4956,4486,0
4957,3023,2
4958,4788,0
4964,1274,0
4965,3983,0
4969,3283,5
4970,4460,5
4972,4453,4
4974,1985,3
4977,3879,4
4979,534,5
4980,2537,0
4988,1197,5
4991,2537,0
4999,1060,5
